1,1031191090007,5771306253357,1642,3,19,9,2,0,0,0,1,1,0,1,1,2017-10-20 05:28:19.080,1,2017-11-13 02:15:04.830
2,1031191030002,7947294499260,1009,3,19,3,2,0,0,0,1,1,0,1,1,2017-10-20 05:36:12.047,1,2017-11-13 02:15:40.207
3,1031191050001,2748956803433,34,3,19,5,2,0,0,0,1,1,0,1,1,2017-10-20 07:57:15.420,1,2017-11-13 02:14:59.153
4,1031191030003,8640164529263,751,3,19,3,2,0,0,0,1,1,0,1,1,2017-10-20 08:28:56.687,1,2017-11-13 02:15:44.843
6,1031191130002,7603861137330,509,3,19,13,2,0,0,0,1,1,0,1,1,2017-10-20 08:49:27.020,1,2017-11-13 02:16:34.737
7,1031191040002,5783822250420,1626,3,19,4,2,0,0,0,1,1,0,1,1,2017-10-20 08:51:33.807,1,2017-11-13 02:15:54.587
8,1031191060002,1010569589075,9226,3,19,6,2,0,0,0,1,1,0,1,1,2017-10-20 08:54:19.883,1,2017-11-13 02:15:47.950
11,1031191110002,4281385180242,9229,3,19,11,2,0,0,0,1,1,0,1,1,2017-10-20 09:18:50.063,1,2017-11-13 02:15:28.453
12,1031191030004,3565902195164,9246,3,19,3,2,0,0,0,1,1,0,1,1,2017-10-20 09:19:51.743,1,2017-11-13 02:15:37.133
13,1031191020003,8252685212656,1734,3,19,2,2,0,0,0,1,1,0,1,1,2017-10-20 09:31:09.933,1,2017-11-13 02:15:31.673
14,1031191090002,1168992294513,208,3,19,9,2,0,0,0,1,1,0,1,1,2017-10-20 09:32:05.500,1,2017-11-13 02:15:08.377
15,1021051050001,1255865178091,10213,2,5,5,2,0,0,0,1,1,0,1,1,2017-10-20 09:41:20.790,1,2017-11-13 01:25:51.743
16,1021051010001,9196231668629,1501,2,5,1,2,0,0,0,1,1,0,1,1,2017-10-20 09:45:12.580,1,2017-11-13 01:37:35.230
18,1021051020001,4232383884014,6303,2,5,2,2,0,0,0,1,1,0,1,1,2017-10-20 09:50:26.430,1,2017-11-13 01:30:45.307
19,1021051140001,3792306365026,301,2,5,14,2,0,0,0,1,1,0,1,1,2017-10-20 09:56:32.710,1,2017-11-13 01:25:19.250
20,1011021010001,5028176653641,1234,1,2,1,2,0,0,0,1,1,0,1,1,2017-10-20 14:15:42.440,1,2017-11-13 02:02:19.887
21,1011011050002,7920583883582,3611,2,5,5,2,0,0,0,1,1,0,1,1,2017-10-20 23:34:05.080,1,2017-11-13 01:25:43.533
23,1021051010002,6519371441205,2,2,5,1,2,0,0,0,1,1,0,1,1,2017-10-20 23:35:46.647,1,2017-11-13 01:37:40.937
24,1021051120001,7831094177353,1156,2,5,12,2,0,0,0,1,1,0,1,1,2017-10-20 23:36:21.900,1,2017-11-13 01:34:16.603
25,1021051140002,1594205430346,6301,2,5,14,2,0,0,0,1,1,0,1,1,2017-10-20 23:36:53.990,1,2017-11-13 01:25:25.867
26,1021051080001,5291254358916,1605,2,5,8,2,0,0,0,1,1,0,1,1,2017-10-20 23:37:22.657,1,2017-11-13 01:34:06.183
27,1021051020003,9250081786299,8,2,5,2,2,0,0,0,1,1,0,1,1,2017-10-20 23:38:10.180,1,2017-11-13 01:30:52.577
28,1021051120002,1024954442524,35,2,5,12,2,0,0,0,1,1,0,1,1,2017-10-20 23:40:00.713,1,2017-11-13 01:34:50.560
29,1021051010003,9953184896376,3607,2,5,1,2,0,0,0,1,1,0,1,1,2017-10-20 23:40:24.997,1,2017-11-13 01:37:24.373
30,1021051020004,2498856643539,9507,2,5,2,2,0,0,0,1,1,0,1,1,2017-10-20 23:40:54.580,1,2017-11-13 01:30:57.670
31,1021051010004,5318549265084,4,2,5,1,2,0,0,0,1,1,0,1,1,2017-10-20 23:41:27.550,1,2017-11-13 01:37:29.117
32,1031191040004,6591582274797,6006,3,23,4,2,0,0,0,1,1,0,1,1,2017-10-20 23:42:51.630,1,2017-11-29 15:17:52.393
33,1031191090003,7209812291283,9088,3,19,9,2,0,0,0,1,1,0,1,1,2017-10-20 23:43:43.703,1,2017-11-13 02:15:15.673
34,1031191090004,4232673053922,1871,3,19,9,2,0,0,0,1,1,0,1,1,2017-10-20 23:44:16.660,1,2017-11-13 02:15:18.727
35,1031191090005,4975402305588,602,3,19,9,2,0,0,0,1,1,0,1,1,2017-10-20 23:44:49.850,1,2017-11-13 02:15:21.960
36,1011021090008,7465892773808,753,1,2,9,2,0,0,0,1,1,0,1,1,2017-10-20 23:45:09.750,1,2017-11-13 01:54:19.633
37,1031191090006,4029249026967,3037,3,19,9,2,0,0,0,1,1,0,1,1,2017-10-20 23:46:14.460,1,2017-11-13 02:15:11.460
38,1031191020004,9579401268612,303,3,19,2,2,0,0,0,1,1,0,1,1,2017-10-21 00:04:45.110,1,2017-11-13 02:15:34.337
39,1031241010001,1017465951258,886,3,24,1,2,0,1,0,1,1,0,1,1,2017-10-21 00:23:22.773,1,2017-11-28 00:23:46.400
40,1021051010005,5847176913322,3447,2,5,1,2,0,0,0,1,1,0,1,1,2017-10-21 00:23:54.600,1,2017-11-13 01:37:59.430
41,1021051010006,1212531282032,8908,2,5,1,2,0,0,0,1,1,0,1,1,2017-10-21 00:38:20.087,1,2017-11-13 01:38:10.980
42,1021051020005,4700155499402,8104,2,5,2,2,0,0,0,1,1,0,1,1,2017-10-21 00:38:48.653,1,2017-11-13 01:31:04.017
43,1021051040001,8270138381018,3700,2,5,4,2,0,0,0,1,1,0,1,1,2017-10-21 00:39:29.150,1,2017-11-13 01:34:55.477
44,1011021160001,8764846932964,2187,1,2,16,2,0,0,0,1,1,0,1,1,2017-10-21 00:40:25.407,1,2017-11-13 02:06:12.113
45,1011021160002,7009527901565,2209,1,2,16,2,0,0,0,1,1,0,1,1,2017-10-21 00:43:46.813,1,2017-11-13 02:06:14.647
46,1011021160003,9577539385393,2229,1,2,16,2,0,0,0,1,1,0,1,1,2017-10-21 00:45:53.320,1,2017-11-13 02:06:19.207
47,1011021020001,9493854847463,3166,1,2,2,2,0,0,0,1,1,0,1,1,2017-10-21 00:46:30.440,1,2017-11-13 01:55:23.340
48,1021051160001,7050612728918,2210,2,5,16,2,0,0,0,1,1,0,1,1,2017-10-21 00:47:31.670,1,2017-11-13 01:43:33.857
49,1021051170001,1058851103561,6816,2,5,17,2,0,0,0,1,1,0,1,1,2017-10-21 00:57:51.320,1,2017-11-13 01:27:37.077
50,1011021170001,1287714944946,1715,1,2,17,2,0,0,0,1,1,0,1,1,2017-10-21 00:58:17.933,1,2017-11-13 01:50:18.003
51,1021051020006,2025378319439,2010,2,5,2,2,0,0,0,1,1,0,1,1,2017-10-21 00:58:41.993,1,2017-11-13 01:30:34.843
52,1021051020007,8468879439062,9012,2,5,2,2,0,0,0,1,1,0,1,1,2017-10-21 00:59:04.990,1,2017-11-13 01:30:40.897
53,1011021190001,4836921303113,510,1,2,19,2,0,0,0,1,1,0,1,1,2017-10-21 01:00:00.413,1,2017-11-13 02:01:31.987
54,1021051180001,2943448516697,98,2,5,18,2,0,0,0,1,1,0,1,1,2017-10-21 01:02:05.333,1,2017-11-13 01:26:30.337
55,1021051180002,1193956020549,4817687,2,5,18,2,0,0,0,1,1,0,1,1,2017-10-21 02:20:06.517,1,2017-11-13 01:26:39.763
56,1021051090001,5249952579331,3200,2,5,9,2,0,0,0,1,1,0,1,1,2017-10-21 02:21:23.090,1,2017-11-13 01:27:59.327
57,1021051160002,3907161885187,9166,2,5,16,2,0,0,0,1,1,0,1,1,2017-10-21 02:21:57.930,1,2017-11-13 01:43:21.510
58,1021051090002,7235384126517,2205,2,5,9,2,0,0,0,1,1,0,1,1,2017-10-21 02:23:10.120,1,2017-11-13 01:28:06.843
59,1021051020008,8221395408079,9168,2,5,2,2,0,0,0,1,1,0,1,1,2017-10-21 02:24:28.407,1,2017-11-13 02:19:46.790
60,1011021130001,8290415848706,492,1,2,13,2,0,0,0,1,1,0,1,1,2017-10-21 02:27:42.607,1,2017-11-13 02:06:09.310
61,1011021020002,2745537304945,10049,1,2,2,2,0,0,0,1,1,0,1,1,2017-10-21 02:28:21.910,1,2017-11-13 01:55:28.440
62,1011021040001,4987669866085,16205,1,2,4,2,0,0,0,1,1,0,1,1,2017-10-21 02:29:31.570,1,2017-11-13 02:01:42.440
63,1011021030001,1196826249118,142,1,2,3,2,0,0,0,1,1,0,1,1,2017-10-21 02:30:17.133,1,2017-11-13 02:19:35.457
64,1011021030002,1044106587149,143,1,2,3,2,0,0,0,1,1,0,1,1,2017-10-21 02:30:36.670,1,2017-11-13 01:59:14.023
65,1011021180001,1218556736192,140,1,2,18,2,0,0,0,1,1,0,1,1,2017-10-21 02:31:23.157,1,2017-11-13 01:50:10.273
66,1011021020003,8093004590648,1194,1,2,2,2,0,0,0,1,1,0,1,1,2017-10-21 02:31:42.957,1,2017-11-13 01:55:31.830
67,1011021140001,5781128166155,17804,1,2,14,2,0,0,0,1,1,0,1,1,2017-10-21 02:32:04.540,1,2017-11-13 01:49:39.023
68,1011021240001,5501712301089,17801,1,2,24,2,0,0,0,1,1,0,1,1,2017-10-21 02:32:54.460,1,2017-11-13 02:06:01.230
69,1011021120001,6270631869619,50,1,2,12,2,0,0,0,1,1,0,1,1,2017-10-21 02:33:17.377,1,2017-11-13 02:01:34.817
70,1011021240002,1073451843341,9960,1,2,24,2,0,0,0,1,1,0,1,1,2017-10-21 02:33:36.890,1,2017-11-13 02:05:57.317
71,1011021230001,3478025918193,895,1,2,23,2,0,0,0,1,1,0,1,1,2017-10-21 02:34:10.043,1,2017-11-13 01:49:47.740
72,1011021240003,2553644730515,9945,1,2,24,2,0,0,0,1,1,0,1,1,2017-10-21 02:34:55.747,1,2017-11-13 02:06:04.713
73,1031191010001,2701914238968,1235,3,19,1,2,0,0,0,1,1,0,1,1,2017-10-21 02:36:27.987,1,2017-11-13 02:16:02.563
75,1021051230001,5245661694181,1632,2,5,23,2,0,0,0,1,1,0,1,1,2017-10-21 02:38:40.883,1,2017-11-13 01:25:36.093
76,1021051030001,7286694697938,142,2,5,3,2,0,0,0,1,1,0,1,1,2017-10-21 02:43:35.013,1,2017-11-13 01:33:21.367
77,1021051010007,4546216916583,1159,2,5,1,2,0,0,0,1,1,0,1,1,2017-10-21 02:48:29.910,1,2017-11-13 01:37:46.500
78,1021051010008,5195794598606,95,2,5,1,2,0,0,0,1,1,0,1,1,2017-10-21 02:51:34.277,1,2017-11-13 01:37:53.373
79,1021051220001,8210771609254,8366,2,5,22,2,0,0,0,1,1,0,1,1,2017-10-21 02:52:15.630,1,2017-11-13 01:35:39.080
80,1021051080002,4565404489241,9512,2,5,8,2,0,0,0,1,1,0,1,1,2017-10-21 02:52:44.760,1,2017-11-13 01:34:10.970
81,1021051200001,9163186994226,11,2,5,20,2,0,0,0,1,1,0,1,1,2017-10-21 02:53:10.097,1,2017-11-13 01:27:49.423
82,1021051200002,6851304701322,8001,2,5,20,2,0,0,0,1,1,0,1,1,2017-10-21 02:53:45.010,1,2017-11-13 01:27:54.393
83,1021051010009,4699515722505,5601,2,5,1,2,0,0,0,1,1,0,1,1,2017-10-21 02:54:10.207,1,2017-11-13 01:35:44.210
84,1021051040002,6209087863346,3316,2,5,4,2,0,0,0,1,1,0,1,1,2017-10-21 02:54:42.643,1,2017-11-13 01:35:00.147
85,1021051210001,5219551371445,35807,2,5,21,2,0,0,0,1,1,0,1,1,2017-10-21 02:55:48.103,1,2017-11-13 01:33:09.933
86,1021051030002,7454544489464,5902,2,5,3,2,0,0,0,1,1,0,1,1,2017-10-21 02:56:09.423,1,2017-11-13 01:33:16.817
87,1031191010002,7840278595159,4188,3,19,1,2,0,1,0,1,1,0,1,1,2017-10-21 02:57:25.007,1,2017-11-13 02:16:19.800
89,1031191010003,1472032286865,4188,3,19,1,2,0,2,0,1,1,0,1,1,2017-10-21 19:13:03.447,1,2017-11-13 02:16:23.490
90,1031191010004,7890067147779,4188,3,19,1,2,0,3,0,1,1,0,1,1,2017-10-21 19:13:54.360,1,2017-11-13 02:16:26.897
91,1031191010005,8237111744062,4188,3,19,1,2,0,4,0,1,1,0,1,1,2017-10-21 19:14:13.830,1,2017-11-13 02:16:30.083
92,1031191140012,6938108700840,9724 BL,3,19,14,2,0,1,0,1,1,0,1,1,2017-10-21 19:14:54.623,1,2017-12-03 15:55:42.837
93,1031191140015,3280897775206,9724 BLD,3,19,14,2,0,2,0,2,1,0,1,1,2017-10-21 19:15:24.540,1,2017-12-03 15:56:06.030
94,1031191140013,7751014622308,9724 BR,3,19,14,2,0,3,0,1,1,0,1,1,2017-10-21 19:15:45.743,1,2017-12-03 15:55:49.260
95,1031191140014,6701282246318,9724 BRD,3,19,14,2,0,4,0,1,1,0,1,1,2017-10-21 19:16:06.090,1,2017-12-03 15:55:56.457
96,1011021010003,4202662140223,4128,1,2,1,2,0,1,0,1,1,0,1,1,2017-10-21 19:28:02.410,1,2017-11-13 02:02:04.823
97,1011021010004,3513209875562,4128,1,2,1,2,0,2,0,1,1,0,1,1,2017-10-21 19:28:29.340,1,2017-11-13 02:02:07.817
98,1011021010005,9054821189605,4128,1,2,1,2,0,3,0,1,1,0,1,1,2017-10-21 19:29:04.257,1,2017-11-13 02:02:11.113
99,1011021010006,5735165524188,4128,1,2,1,2,0,4,0,1,1,0,1,1,2017-10-21 19:30:01.937,1,2017-11-13 02:02:16.277
100,1031191010006,8083405121282,4179,3,19,1,2,0,1,0,1,1,0,1,1,2017-10-21 19:30:43.657,1,2017-11-13 02:16:05.510
101,1031191010007,7433567390537,4179,3,19,1,2,0,2,0,1,1,0,1,1,2017-10-21 19:31:19.860,1,2017-11-13 02:16:09.860
102,1031191010008,8209892538789,4179,3,19,1,2,0,3,0,1,1,0,1,1,2017-10-21 19:31:44.050,1,2017-11-13 02:16:13.163
103,1031191010009,4772316031783,4179,3,19,1,2,0,4,0,1,1,0,1,1,2017-10-21 19:35:46.150,1,2017-11-13 02:16:16.333
105,1021171260001,2335737298405,B- TITANIUM 6891,2,17,26,2,0,0,0,1,1,0,1,1,2017-10-24 18:54:00.613,1,2017-11-13 01:47:20.317
106,1021051270001,1174205786805,051,2,5,27,2,0,0,0,1,1,0,1,1,2017-10-24 19:01:10.010,1,2017-11-13 01:30:00.770
107,1021051070001,2749622450715,3168,2,5,7,2,0,0,0,1,1,0,1,1,2017-10-24 19:02:07.013,1,2017-11-13 01:28:14.200
109,1021051070002,1884384829223,1618,2,5,7,2,0,0,0,1,1,0,1,1,2017-10-24 19:05:06.283,1,2017-11-13 01:28:21.857
110,1021051290001,5427714608219,5103,2,5,29,2,0,0,0,1,1,0,1,1,2017-10-24 19:06:42.910,1,2017-11-13 01:29:14.593
111,1021051200003,5491872640688,011,2,5,20,2,0,0,0,1,1,0,1,1,2017-10-24 19:07:54.150,1,2017-11-13 01:27:44.337
112,1021041290001,8943101600774,5101,2,4,29,2,0,0,0,1,1,0,1,1,2017-10-24 19:08:47.340,1,2017-11-10 14:04:10.270
113,1021041020001,5092638402511,1745,2,4,2,2,0,0,0,1,1,0,1,1,2017-10-24 19:12:24.340,1,2017-11-10 14:04:33.550
114,1021181290001,3465355966116,1954,2,18,29,2,0,0,0,1,1,0,1,1,2017-10-24 19:13:10.760,1,2017-11-13 01:10:10.873
115,1011021090001,4236312884106,8631,1,2,9,2,0,0,0,1,1,0,1,1,2017-10-24 19:16:59.217,1,2017-11-13 01:54:52.177
116,1031191020005,9691498252609,17816,3,19,2,2,0,0,0,1,1,0,1,1,2017-10-24 19:19:17.850,1,2017-11-13 01:55:20.210
117,1011021140003,2653769056719,1706,1,2,14,2,0,0,0,1,1,0,1,1,2017-10-24 19:20:09.847,1,2017-11-13 01:49:12.857
118,1031231300001,9990079385980,5008,3,23,30,2,0,0,0,1,1,0,1,1,2017-10-24 19:23:08.750,1,2017-11-22 19:07:18.367
119,1011021160004,1093411664069,36153,1,2,16,2,0,0,0,1,1,0,1,1,2017-10-24 19:24:17.927,1,2017-11-13 02:06:28.207
120,1011021090002,1195041612493,10521,1,2,9,2,0,0,0,1,1,0,1,1,2017-10-24 19:25:07.967,1,2017-11-13 01:54:34.110
121,1011021090003,8412796706868,16862,1,2,9,2,0,0,0,1,1,0,1,1,2017-10-24 19:25:58.637,1,2017-11-13 01:54:37.157
122,1011021160029,9094139333666,4299,1,2,16,2,0,1,0,1,1,0,1,1,2017-10-24 19:27:21.600,1,2017-11-28 19:11:05.163
123,1011021090004,1419243902023,38,1,2,9,2,0,0,0,1,1,0,1,1,2017-10-24 19:27:57.663,1,2017-11-13 01:54:40.080
124,1011021020005,5316673096871,2248,1,2,2,2,0,0,0,1,1,0,1,1,2017-10-24 19:29:00.067,1,2017-11-13 01:55:17.033
125,1011021090044,9053346559368,F108,1,2,9,2,0,0,0,1,1,0,1,1,2017-10-24 19:29:40.520,1,2017-11-22 20:57:09.213
126,1011021160031,5765718367047,S922,1,2,16,2,0,1,0,1,1,0,1,1,2017-10-24 19:33:51.643,1,2017-11-28 19:18:22.347
127,1011021090046,3298712998211,0210,1,2,9,2,0,0,0,1,1,0,1,1,2017-10-24 19:35:08.473,1,2017-11-22 23:07:30.950
128,1011021090045,3357795153525,223S,1,2,9,2,0,0,0,1,1,0,1,1,2017-10-24 19:35:44.580,1,2017-11-22 22:57:34.183
129,1011021020006,5013449841191,1182,1,2,2,2,0,0,0,1,1,0,1,1,2017-10-24 19:44:04.730,1,2017-11-13 01:55:09.037
130,1011021020007,1143598161001,2887,1,2,2,2,0,0,0,1,1,0,1,1,2017-10-24 19:45:01.230,1,2017-11-13 01:55:12.867
131,1011021110001,1725502540845,1827,1,2,11,2,0,0,0,1,1,0,1,1,2017-10-24 19:47:30.727,1,2017-11-13 01:55:05.047
132,1011021310001,1114279587830,4816,1,2,31,2,0,0,0,1,1,0,1,1,2017-10-24 19:49:37.063,1,2017-11-13 01:49:55.267
133,1011021090009,4347054816284,763,1,2,9,2,0,0,0,1,1,0,1,1,2017-10-24 19:51:45.380,1,2017-11-13 01:54:23.580
134,1011021090010,1110797001056,1796,1,2,9,2,0,0,0,1,1,0,1,1,2017-10-24 19:52:41.477,1,2017-11-13 01:54:27.610
135,1011021160007,1289395176364,621,1,2,16,2,0,0,0,1,1,0,1,1,2017-10-24 19:53:29.170,1,2017-11-13 02:06:37.247
136,1031191010010,8691836140408,648,3,19,1,2,0,0,0,1,1,0,1,1,2017-10-24 19:54:18.840,1,2017-11-22 23:33:07.290
137,1011021010008,7812086479754,806962,1,2,1,2,0,0,0,1,1,0,1,1,2017-10-24 20:00:34.813,1,2017-11-13 02:02:02.040
138,1031191070001,9305898089962,1805,3,19,7,2,0,0,0,1,1,0,1,1,2017-10-24 20:01:54.427,1,2017-11-22 19:46:58.563
139,1011021010009,6818169029350,4254,1,2,1,2,0,0,0,1,1,0,1,1,2017-10-24 20:03:03.560,1,2017-11-13 02:01:48.257
140,1011021040002,6559143545823,9088,1,2,4,2,0,0,0,1,1,0,1,1,2017-10-24 20:04:33.310,1,2017-11-13 02:01:45.487
141,1011021100006,7482805442361,SMU13NS,1,2,10,2,0,0,0,1,1,0,1,1,2017-10-24 20:05:19.467,1,2017-11-23 20:31:13.393
142,1011021060002,6654573005326,704,1,2,6,2,0,0,0,1,1,0,1,1,2017-10-24 20:06:06.313,1,2017-11-13 01:59:22.277
143,1011021060003,2109124727188,16837,1,2,6,2,0,0,0,1,1,0,1,1,2017-10-24 20:06:58.110,1,2017-11-13 01:59:25.220
144,1011021160008,9630158951087,9899,1,2,16,2,0,0,0,1,1,0,1,1,2017-10-24 20:07:56.703,1,2017-11-13 02:06:22.753
145,1011021100007,2990847620241,0209S,1,2,10,2,0,0,0,1,1,0,1,1,2017-10-24 20:08:45.480,1,2017-11-25 22:34:25.760
146,1011021110002,3439578005709,192,1,2,11,2,0,0,0,1,1,0,1,1,2017-10-24 20:09:46.150,1,2017-11-13 01:55:02.093
147,1011211060001,1701547382114,607,1,21,6,2,0,0,0,1,1,0,1,1,2017-10-24 20:11:54.577,1,2017-11-13 02:14:29.467
148,1011221060003,6040089345474,0605,1,22,6,2,0,3,0,1,1,0,1,1,2017-10-24 20:12:34.567,1,2017-12-06 19:56:34.190
149,1011211180001,8455745793830,726,1,21,18,2,0,0,0,1,1,0,1,1,2017-10-24 20:13:16.400,1,2017-11-13 02:14:16.210
150,1011021140007,5495629486185,EA2018,1,2,14,2,0,0,0,1,1,0,1,1,2017-10-24 20:14:22.773,1,2017-11-23 20:25:51.087
151,1011211170001,9784591681817,6319,1,21,17,2,0,0,0,1,1,0,1,1,2017-10-24 20:15:17.447,1,2017-11-13 02:14:19.340
152,1011211070001,1824261747783,2106,1,21,7,2,0,0,0,1,1,0,1,1,2017-10-24 20:16:12.017,1,2017-11-13 01:45:57.430
153,1031191230001,2197139096047,0895,3,19,23,2,0,0,0,1,1,0,1,1,2017-10-24 21:19:13.433,1,2017-11-13 02:14:53.923
154,1011021020008,7580756085337,3303,1,2,2,2,0,0,0,1,1,0,1,1,2017-10-24 21:20:51.357,1,2017-11-13 01:55:39.757
155,1011021090011,6972138066934,17017,1,2,9,2,0,0,0,1,1,0,1,1,2017-10-24 21:21:27.627,1,2017-11-13 01:50:35.443
156,1011021170003,6756099146221,693,1,2,17,2,0,0,0,1,1,0,1,1,2017-10-24 21:21:56.757,1,2017-11-22 23:13:55.150
157,1011021120002,9232785489317,3599,1,2,12,2,0,0,0,1,1,0,1,1,2017-10-24 21:22:34.880,1,2017-11-13 02:01:37.573
158,1011021090012,1098117112944,17090,1,2,9,2,0,0,0,1,1,0,1,1,2017-10-24 21:25:47.337,1,2017-11-13 01:50:39.397
159,1011021090047,1932239560149,J1164,1,2,9,2,0,0,0,1,1,0,1,1,2017-10-24 21:26:28.417,1,2017-11-23 20:12:41.527
160,1031191320003,2979121644463,0068 BR,3,19,32,2,0,3,0,1,1,0,1,1,2017-10-24 21:28:57.740,1,2017-11-26 19:28:39.730
161,1011021160009,6612236009586,905,1,2,16,2,0,0,0,1,1,0,1,1,2017-10-24 21:29:41.517,1,2017-11-13 02:14:01.970
162,1011021160025,6107187088549,8097,1,2,16,2,0,1,0,1,1,0,1,1,2017-10-24 21:30:12.300,1,2017-11-28 18:51:57.947
163,1011021330001,1015285791849,216820,1,2,33,2,0,0,0,1,1,0,1,1,2017-10-24 21:31:41.170,1,2017-11-13 01:59:27.720
164,1011021070002,4614968550284,822,1,2,7,2,0,0,0,1,1,0,1,1,2017-10-24 21:32:13.467,1,2017-11-13 01:54:58.040
165,1011021020009,6891359521575,1088,1,2,2,2,0,0,0,1,1,0,1,1,2017-10-24 21:32:40.533,1,2017-11-13 01:55:36.477
166,1011211020001,8851538279053,3778,1,21,2,2,0,0,0,1,1,0,1,1,2017-10-24 21:33:41.830,1,2017-11-13 01:46:10.770
167,1011211030001,2353521976957,143,1,21,3,2,0,0,0,1,1,0,1,1,2017-10-24 21:34:25.037,1,2017-11-13 01:46:34.893
168,1011021050001,6685095202931,1806,1,2,5,2,0,0,0,1,1,0,1,1,2017-10-24 21:38:05.197,1,2017-11-13 01:50:01.760
169,1031231040002,1013634163019,6118,3,23,4,2,0,1,0,1,1,0,1,1,2017-10-24 21:38:58.190,1,2017-11-26 20:56:19.553
170,1031191030012,1199878991448,HX16854,3,19,3,2,0,0,0,1,1,0,1,1,2017-10-24 21:39:23.293,1,2017-11-23 19:01:38.733
171,1011211020001,1098262512040,6370,1,21,2,2,0,0,0,1,1,0,1,1,2017-10-24 21:39:51.117,1,2017-11-13 02:14:22.193
172,1011211020002,1018961150015,3670,1,21,2,2,0,0,0,1,1,0,1,1,2017-10-24 21:40:19.880,1,2017-11-13 02:14:26.070
173,1031191010015,1076969149004,4210 BR,3,19,1,2,0,3,0,1,1,0,1,1,2017-10-24 21:40:46.963,1,2017-11-23 22:29:36.263
174,1011021010011,6955875608025,35020,1,2,1,2,0,0,0,1,1,0,1,1,2017-10-24 21:41:30.433,1,2017-11-13 02:02:28.480
175,1011021020010,9106272877447,4252,1,2,2,2,0,0,0,1,1,0,1,1,2017-10-24 21:41:54.417,1,2017-11-13 01:55:42.813
176,1021051010010,2603325017067,3016,2,5,1,2,0,0,0,1,1,0,1,2,2017-11-04 20:42:04.077,1,2017-11-13 01:42:08.473
177,1021051020009,8623574222061,008,2,5,2,2,0,0,0,1,1,0,1,2,2017-11-04 20:44:19.440,1,2017-11-13 01:32:59.263
178,1021041020002,1462011934306,6306,2,4,2,2,0,0,0,1,1,0,1,2,2017-11-04 20:48:54.840,1,2017-11-10 14:05:14.413
179,1021051010011,8364187501388,02,2,5,1,2,0,0,0,1,1,0,1,2,2017-11-04 20:54:31.013,1,2017-11-13 01:42:55.853
181,1021051020010,4847712320127,001,2,5,2,2,0,0,0,1,1,0,1,2,2017-11-04 21:27:24.570,1,2017-11-13 01:32:21.453
182,1010100001,8070604983568,9201,2,5,1,2,0,0,0,1,1,0,1,2,2017-11-04 21:33:27.077,1,2017-11-13 01:39:14.420
183,1021051010014,3659277938683,7098,2,5,1,2,0,0,0,1,1,0,1,2,2017-11-04 21:35:47.743,1,2017-11-13 01:44:56.780
184,1021051300001,4020401926101,011,2,5,30,2,0,0,0,1,1,0,1,2,2017-11-04 21:40:16.293,1,2017-11-13 01:33:58.520
185,1021051010015,2786266206490,1623,2,5,1,2,0,0,0,1,1,0,1,2,2017-11-04 21:41:04.650,1,2017-11-13 01:38:44.243
186,1021051070003,8800273305145,1613,2,5,7,2,0,0,0,1,1,0,1,2,2017-11-04 21:41:50.693,1,2017-11-13 01:29:07.770
187,1021051010016,9841876043262,095,2,5,1,2,0,0,0,1,1,0,1,2,2017-11-04 21:42:33.043,1,2017-11-13 01:41:25.233
188,1021051040003,9798674083825,22469,2,5,4,2,0,0,0,1,1,0,1,2,2017-11-05 18:24:08.050,1,2017-11-13 01:35:31.543
189,1021051180003,1149111897808,4817686,2,5,18,2,0,0,0,1,1,0,1,2,2017-11-05 18:30:52.730,1,2017-11-13 01:27:30.570
190,1021051020011,5742665858057,1008,2,5,2,2,0,0,0,1,1,0,1,2,2017-11-05 18:31:46.653,1,2017-11-13 01:31:46.393
191,1021051280001,8886405871696,5072,2,5,28,2,0,0,0,1,1,0,1,2,2017-11-05 18:37:15.633,1,2017-11-13 01:29:52.607
192,1021181120001,8442247753417,9918,2,18,12,2,0,0,0,1,1,0,1,2,2017-11-05 18:39:50.963,1,2017-11-13 01:17:15.770
193,1021181290002,9941854531924,1950,2,18,29,2,0,0,0,1,1,0,1,2,2017-11-05 18:40:33.940,1,2017-11-13 01:08:32.257
194,1021181120002,4556136542090,1027,2,18,12,2,0,0,0,1,1,0,1,2,2017-11-05 18:41:07.890,1,2017-11-13 01:16:27.313
195,1021181290003,7364938118163,100,2,18,29,2,0,0,0,1,1,0,1,2,2017-11-05 18:41:56.380,1,2017-11-13 01:04:40.513
196,1021181050001,6642231624651,10213,2,18,5,2,0,0,0,1,1,0,1,2,2017-11-05 18:43:11.730,1,2017-11-10 14:06:13.357
197,1021181230001,1545219119123,1001,2,18,23,2,0,0,0,1,1,0,1,2,2017-11-05 19:02:35.987,1,2017-11-10 14:05:35.977
198,1021181230002,4297971751482,6844,2,18,23,2,0,0,0,1,1,0,1,2,2017-11-05 19:04:22.570,1,2017-11-10 14:05:53.773
199,1021181290004,1150673504851,5105,2,18,29,2,0,0,0,1,1,0,1,2,2017-11-05 19:05:29.587,1,2017-11-13 01:06:37.233
200,1021181290005,1428214885876,1729,2,18,29,2,0,0,0,1,1,0,1,2,2017-11-05 19:06:32.993,1,2017-11-13 01:07:43.933
201,1021181030001,9968841890635,098,2,18,3,2,0,0,0,1,1,0,1,2,2017-11-05 19:07:22.640,1,2017-11-13 01:11:55.603
202,1021181220001,1771997855155,7062,2,18,22,2,0,0,0,1,1,0,1,2,2017-11-05 19:08:06.843,1,2017-11-13 01:20:11.690
203,1021181290006,2092856901592,1957,2,18,29,2,0,0,0,1,1,0,1,2,2017-11-05 19:08:46.540,1,2017-11-13 01:05:45.870
204,1021181010001,3996491442368,004,2,18,1,2,0,0,0,1,1,0,1,2,2017-11-05 19:09:25.643,1,2017-11-13 01:22:16.927
205,1021181220002,3340858543319,1995,2,18,22,2,0,0,0,1,1,0,1,2,2017-11-05 19:10:36.390,1,2017-11-13 01:18:52.110
206,1021181050002,5650406366658,6668,2,18,5,2,0,0,0,1,1,0,1,2,2017-11-05 19:11:11.317,1,2017-11-10 14:06:26.820
207,1021181010002,3600319648893,8850,2,18,1,2,0,0,0,1,1,0,1,2,2017-11-05 19:11:42.700,1,2017-11-13 01:21:05.273
208,1021181040001,4652794748482,1074,2,18,4,2,0,0,0,1,1,0,1,2,2017-11-05 19:12:08.880,1,2017-11-13 01:17:57.527
209,1021181020001,4044186730081,215,2,18,2,2,0,0,0,1,1,0,1,2,2017-11-05 19:12:48.527,1,2017-11-13 01:10:48.733
210,1021181010003,6928746675242,7134,2,18,1,2,0,0,0,1,1,0,1,2,2017-11-05 19:13:17.407,1,2017-11-13 01:24:05.287
211,1021181290007,6862726228953,5102,2,18,29,2,0,0,0,1,1,0,1,2,2017-11-05 19:15:46.643,1,2017-11-13 01:10:00.260
212,1021181340001,3570333520034,5370,2,18,34,2,0,0,0,1,1,0,1,2,2017-11-05 19:18:49.780,1,2017-11-13 01:26:47.690
213,1021181010004,1123202685949,8918,2,18,1,2,0,0,0,1,1,0,1,2,2017-11-05 19:19:24.967,1,2017-11-13 01:23:09.693
214,1031191010011,6349952666389,3345,3,19,1,2,0,0,0,1,1,0,1,2,2017-11-06 18:49:05.840,1,2017-11-23 18:20:34.820
215,1011021020011,1057772437380,2246,1,2,2,2,0,0,0,1,1,0,1,2,2017-11-06 18:51:41.860,1,2017-11-13 01:56:19.370
216,1011021020012,1168522579608,4275,1,2,2,2,0,0,0,1,1,0,1,2,2017-11-06 18:52:56.920,1,2017-11-13 01:57:00.383
217,1011021020013,6294282325751,16861,1,2,2,2,0,0,0,1,1,0,1,2,2017-11-06 18:53:51.353,1,2017-11-13 01:57:42.487
218,1011021010013,9460956595349,1627,3,19,1,2,0,0,0,1,1,0,1,2,2017-11-06 19:00:10.970,1,2017-11-23 22:14:34.190
219,1011021010014,5574343626104,5201,1,2,1,2,0,0,0,1,1,0,1,2,2017-11-06 19:04:18.820,1,2017-11-13 02:03:44.730
220,1031191010012,9693193875824,8020 BL,3,19,1,2,0,1,0,1,1,0,1,2,2017-11-06 19:10:16.053,1,2017-11-23 22:08:21.810
221,1011021090014,1115304812576,9036,1,2,9,2,0,0,0,1,1,0,1,2,2017-11-06 20:29:33.950,1,2017-11-13 01:51:45.030
222,1011061090001,1156409640992,1813,1,6,9,2,0,0,0,1,1,0,1,2,2017-11-06 20:30:21.207,1,2017-11-13 01:44:29.667
223,1011061100001,6077324923845,9044,1,6,10,2,0,0,0,1,1,0,1,2,2017-11-06 20:31:00.310,1,2017-11-13 01:45:42.963
224,1011021140004,4067063093550,9097,1,2,14,2,0,0,0,1,1,0,1,2,2017-11-06 20:32:45.123,1,2017-11-13 01:48:13.190
225,1011021090015,1029324264102,2019,1,2,9,2,0,0,0,1,1,0,1,2,2017-11-06 20:33:45.370,1,2017-11-13 01:51:15.203
226,1011021160011,1159508714939,16859,1,2,16,2,0,0,0,1,1,0,1,2,2017-11-06 20:34:24.953,1,2017-11-13 02:13:55.070
227,1011021090016,9481028749712,1815,1,2,9,2,0,0,0,1,1,0,1,2,2017-11-06 20:34:55.960,1,2017-11-13 01:53:37.270
228,1011021100003,1585576139280,838,1,2,10,2,0,0,0,1,1,0,1,2,2017-11-06 20:35:46.047,1,2017-11-13 01:59:56.117
229,1011021100004,1551972427030,837,1,2,10,2,0,0,0,1,1,0,1,2,2017-11-06 20:36:18.720,1,2017-11-13 02:00:34.133
230,1011021160024,3659485748487,2177/S,1,2,16,2,0,1,0,1,1,0,1,2,2017-11-06 20:37:40.930,1,2017-11-28 18:46:42.747
231,1011021160013,1177919705469,1547,1,2,16,2,0,3,0,1,1,0,1,2,2017-11-06 20:38:16.133,1,2017-11-28 19:31:32.437
232,1011021160014,2925536541767,4283,1,2,16,2,0,0,0,1,1,0,1,2,2017-11-06 20:38:49.517,1,2017-11-13 02:10:28.633
233,1011021160028,8786119370723,D28,1,2,16,2,0,1,0,1,1,0,1,2,2017-11-06 20:43:43.483,1,2017-11-28 19:02:32.463
234,1011021160032,1026394058280,S962,1,2,16,2,0,1,0,1,1,0,1,2,2017-11-06 20:44:58.050,1,2017-11-28 19:32:48.600
235,1011021160030,1180986426311,1657,1,2,16,2,0,1,0,1,1,0,1,2,2017-11-06 20:46:22.660,1,2017-11-28 19:12:21.660
236,1011021160018,4972722767799,1706,1,2,16,2,0,0,0,1,1,0,1,2,2017-11-06 20:47:00.730,1,2017-11-13 02:12:55.903
237,1011021160019,1003201190692,106,1,2,16,2,0,0,0,1,1,0,1,2,2017-11-06 20:47:49.420,1,2017-11-13 02:13:27.043
238,1011021020015,1188261034701,2811,1,2,2,2,0,0,0,1,1,0,1,2,2017-11-06 20:48:19.770,1,2017-11-13 01:58:27.023
239,1011021160020,1399127496018,910,1,2,16,2,0,0,0,1,1,0,1,2,2017-11-06 20:49:29.460,1,2017-11-13 02:07:06.437
240,1011021160021,1379893343655,5193,1,2,16,2,0,0,0,1,1,0,1,2,2017-11-06 20:50:09.743,1,2017-11-13 02:07:37.860
241,1011021090017,2996508203594,925,1,2,9,2,0,0,0,1,1,0,1,2,2017-11-06 20:50:47.970,1,2017-11-13 01:52:52.503
242,1011021160022,2621876348041,2316,1,2,16,2,0,0,0,1,1,0,1,2,2017-11-06 20:51:16.570,1,2017-11-13 02:08:18.370
243,1011021160023,7888281786881,4300,1,2,16,2,0,0,0,1,1,0,1,2,2017-11-06 20:51:47.287,1,2017-11-13 02:08:54.937
244,1011021140005,1064557112424,97261,1,2,14,2,0,0,0,1,1,0,1,2,2017-11-06 20:52:35.610,1,2017-11-13 01:48:57.277
245,1011021010016,4752311739570,4009,1,2,1,2,0,0,0,1,1,0,1,2,2017-11-06 20:53:34.130,1,2017-11-13 02:05:28.740
246,1011021100005,9256032917644,52,1,2,10,2,0,0,0,1,1,0,1,2,2017-11-06 20:55:01.710,1,2017-11-13 02:01:12.853
247,1011021090018,4836139296849,41,1,2,9,2,0,0,0,1,1,0,1,2,2017-11-06 20:56:39.447,1,2017-11-13 01:52:19.183
248,1031191030025,2137138924484,16841,3,19,3,2,0,0,0,1,1,0,1,2,2017-11-06 20:57:31.507,1,2017-11-26 19:05:00.850
249,1011021170004,1234018269107,1825,1,2,17,2,0,0,0,1,1,0,1,2,2017-11-06 20:59:00.443,1,2017-11-23 18:40:57.787
250,1011211020002,6792713243747,3132,1,21,2,2,0,0,0,1,1,0,1,3,2017-11-14 19:12:02.357,1,2017-11-17 16:23:24.997
251,1011211060001,1028218155489,987,1,21,6,2,0,0,0,1,1,0,1,3,2017-11-14 19:15:06.890,1,2017-11-17 16:27:13.263
252,1011211070002,7702663803136,4299,1,21,7,2,0,0,0,1,1,0,1,3,2017-11-14 19:16:10.890,1,2017-11-17 16:28:09.410
253,1031191030014,5645168054639,LA739,3,19,3,2,0,0,0,1,1,0,1,3,2017-11-14 19:17:11.273,1,2017-11-23 19:10:23.580
254,1011211060003,4164869618182,988,1,21,6,2,0,0,0,1,1,0,1,3,2017-11-14 19:20:18.520,1,2017-11-17 16:58:17.310
255,1011211190001,1859785648995,5260,1,21,19,2,0,0,0,1,1,0,1,3,2017-11-14 19:21:53.643,1,2017-11-17 17:50:49.660
256,1011021060004,7666664552922,Z0704,1,2,6,2,0,3,0,1,1,0,1,3,2017-11-14 19:22:57.380,1,2017-11-26 21:31:06.873
257,1011211060005,1160113430923,549,1,21,6,2,0,0,0,1,1,0,1,3,2017-11-14 19:23:46.320,1,2017-11-17 17:52:54.990
258,1011221330002,3602536689284,485,1,22,33,2,0,2,0,1,1,0,1,3,2017-11-14 19:32:24.837,1,2017-11-28 00:10:00.290
259,1011211060006,1098424918697,702,1,21,6,2,0,0,0,1,1,0,1,3,2017-11-14 19:36:23.733,1,2017-11-17 17:54:27.340
260,1011221140002,2070391359290,EA4062,1,22,14,2,0,1,0,1,1,0,1,3,2017-11-14 19:38:41.290,1,2017-12-06 21:31:01.607
261,1011221070001,1152968780704,4308,1,22,7,2,0,2,0,1,1,0,1,3,2017-11-14 19:39:42.300,1,2017-12-06 20:43:02.900
262,1011211120001,8993912079290,83,1,21,12,2,0,0,0,1,1,0,1,3,2017-11-14 19:41:16.480,1,2017-11-17 17:56:40.140
263,1011211060007,3770825342124,293,1,21,6,2,0,0,0,1,1,0,1,3,2017-11-14 19:42:20.593,1,2017-11-17 17:59:36.410
264,1011211090001,8302348814090,205,1,21,9,2,0,0,0,1,1,0,1,3,2017-11-14 19:43:53.173,1,2017-11-17 18:00:12.487
265,1011211160001,6495738911249,4295,1,21,16,2,0,0,0,1,1,0,1,3,2017-11-14 19:45:08.337,1,2017-11-17 18:00:56.613
266,1011211030003,8173829541299,755,1,21,3,2,0,0,0,1,1,0,1,3,2017-11-14 19:47:43.603,1,2017-11-17 18:01:37.550
267,1011211030004,5538178765032,742,1,21,3,2,0,0,0,1,1,0,1,3,2017-11-14 19:48:48.910,1,2017-11-17 18:02:14.497
268,1011211030005,9838035437109,750,1,21,3,2,0,0,0,1,1,0,1,3,2017-11-14 19:49:27.400,1,2017-11-17 18:02:53.930
269,1011211060008,8143322845125,589,1,21,6,2,0,0,0,1,1,0,1,3,2017-11-14 19:50:06.297,1,2017-11-17 18:03:32.630
270,1011211030006,2615353984167,741,1,21,3,2,0,0,0,1,1,0,1,3,2017-11-14 19:50:47.107,1,2017-11-17 18:04:12.073
271,1011211030007,7423026091488,731,1,21,3,2,0,0,0,1,1,0,1,3,2017-11-14 19:52:35.580,1,2017-11-17 18:05:02.277
272,1011211020003,5365513429812,1092,1,21,2,2,0,0,0,1,1,0,1,3,2017-11-14 19:53:37.840,1,2017-11-17 18:05:42.650
273,1011211090002,4678596016901,20,1,21,9,2,0,0,0,1,1,0,1,3,2017-11-14 19:54:12.697,1,2017-11-17 18:06:20.830
274,1011211100001,1167513698373,32,1,21,10,2,0,0,0,1,1,0,1,3,2017-11-14 19:55:02.340,1,2017-11-17 18:07:02.423
275,1011211100002,3341104668954,31,1,21,10,2,0,0,0,1,1,0,1,3,2017-11-14 19:56:29.820,1,2017-11-17 18:08:42.360
276,1011211100003,7129898889269,29,1,21,10,2,0,0,0,1,1,0,1,3,2017-11-14 19:57:11.073,1,2017-11-17 18:09:23.833
277,1011211100004,5055473457955,20,1,21,10,2,0,0,0,1,1,0,1,3,2017-11-14 19:57:49.743,1,2017-11-17 18:11:07.497
278,1011221350001,1118241059745,8190S,1,22,35,2,0,4,0,1,1,0,1,3,2017-11-14 20:04:33.560,1,2017-12-06 20:34:32.320
279,1011221030002,1146973255821,3378,1,22,3,2,0,2,0,1,1,0,1,3,2017-11-14 20:06:17.210,1,2017-12-06 20:40:52.673
280,1011211060009,5969982061193,796,1,21,6,2,0,0,0,1,1,0,1,3,2017-11-14 20:09:06.797,1,2017-11-17 18:13:28.827
281,1011211020004,4945512474900,3239,1,21,2,2,0,0,0,1,1,0,1,3,2017-11-14 20:09:54.643,1,2017-11-17 18:14:06.907
282,1011211070004,8762097423484,4300,1,21,7,2,0,0,0,1,1,0,1,3,2017-11-14 20:10:44.507,1,2017-11-17 18:14:52.237
283,1011211360001,1040419658088,878,1,21,36,2,0,0,0,1,1,0,1,3,2017-11-14 20:17:43.273,1,2017-11-17 18:15:30.183
284,1011211160002,7559377715855,4298,1,21,16,2,0,0,0,1,1,0,1,3,2017-11-14 20:18:31.127,1,2017-11-17 18:17:40.317
285,1011211170002,1596988159421,6330,1,21,17,2,0,0,0,1,1,0,1,3,2017-11-14 20:19:14.800,1,2017-11-17 18:19:52.827
286,1011211060010,6805251596616,8028,1,21,6,2,0,0,0,1,1,0,1,3,2017-11-14 20:20:14.840,1,2017-11-17 18:21:56.813
287,1011221330001,7075595063665,598,1,22,33,2,0,1,0,1,1,0,1,3,2017-11-14 20:21:08.090,1,2017-11-26 21:58:23.120
288,1011211330003,3181354214477,568,1,21,33,2,0,0,0,1,1,0,1,3,2017-11-14 20:24:10.933,1,2017-11-17 18:24:18.083
289,1011211110001,9432838174713,137,1,21,11,2,0,0,0,1,1,0,1,3,2017-11-14 20:25:04.797,1,2017-11-17 18:25:02.343
290,1011211160003,1110246552634,4290,1,21,16,2,0,0,0,1,1,0,1,3,2017-11-14 20:25:58.173,1,2017-11-17 18:25:54.190
291,1011211190002,9488643100300,5263,1,21,19,2,0,0,0,1,1,0,1,3,2017-11-14 20:26:46.333,1,2017-11-17 18:26:44.277
292,1011021060005,1143441135746,Z0703,1,2,6,2,0,0,0,1,1,0,1,3,2017-11-14 20:27:35.300,1,2017-11-23 18:31:30.810
293,1011211170003,2324105935905,5336,1,21,17,2,0,0,0,1,1,0,1,3,2017-11-14 20:28:40.200,1,2017-11-17 18:28:21.910
294,1011211060012,4628377336650,588,1,21,6,2,0,0,0,1,1,0,1,3,2017-11-14 20:29:33.720,1,2017-11-17 18:29:06.097
295,1011211020005,1011388448420,3284,1,21,2,2,0,0,0,1,1,0,1,3,2017-11-14 20:30:15.767,1,2017-11-17 18:29:43.680
296,1011211130001,2349795663648,9357,1,21,13,2,0,0,0,1,1,0,1,3,2017-11-14 20:31:06.783,1,2017-11-17 18:30:34.270
297,1011211350002,1171479854735,8168,1,21,35,2,0,0,0,1,1,0,1,3,2017-11-14 20:31:56.427,1,2017-11-17 18:31:16.620
298,1011211170004,8304944076018,7006,1,21,17,2,0,0,0,1,1,0,1,3,2017-11-14 20:32:30.210,1,2017-11-17 18:31:52.963
299,1011211170005,4686414924130,6323,1,21,17,2,0,0,0,1,1,0,1,3,2017-11-14 20:33:07.437,1,2017-11-17 18:32:38.727
300,1011211120002,1096639260686,63,1,21,12,2,0,0,0,1,1,0,1,3,2017-11-14 20:33:55.667,1,2017-11-17 18:33:18.913
301,1011211310001,1771943250157,4180,1,21,31,2,0,0,0,1,1,0,1,3,2017-11-14 20:34:48.983,1,2017-11-17 18:33:51.537
302,1011021090020,3219166917757,968,1,2,9,2,0,0,0,1,1,0,1,3,2017-11-14 20:39:19.800,1,2017-11-17 18:34:28.563
303,1011021090021,8489715473613,1703,1,2,9,2,0,0,0,1,1,0,1,3,2017-11-14 20:40:17.697,1,2017-11-17 18:35:16.043
304,1011021090022,6809389519240,1705,1,2,9,2,0,0,0,1,1,0,1,3,2017-11-14 20:40:59.673,1,2017-11-17 18:35:59.243
305,1011021090023,1934729087778,1801,1,2,9,2,0,0,0,1,1,0,1,3,2017-11-14 20:41:37.053,1,2017-11-17 18:36:40.947
306,1011021090024,1198333752273,2025,1,2,9,2,0,0,0,1,1,0,1,3,2017-11-14 20:42:43.777,1,2017-11-17 18:37:23.933
307,1011021090025,2521069193116,9012,1,2,9,2,0,0,0,1,1,0,1,3,2017-11-14 20:43:55.370,1,2017-11-17 18:38:00.323
308,1011021090026,7474239401281,1851,1,2,9,2,0,0,0,1,1,0,1,3,2017-11-14 20:44:33.940,1,2017-11-17 18:38:57.413
309,1011021090027,1736594407008,1216,1,2,9,2,0,0,0,1,1,0,1,3,2017-11-14 20:45:19.360,1,2017-11-17 18:39:42.917
310,1011021090028,6795871651126,1014,1,2,9,2,0,0,0,1,1,0,1,3,2017-11-14 20:46:02.510,1,2017-11-17 18:40:23.727
311,1011021090029,9997829943971,30,1,2,9,2,0,0,0,1,1,0,1,3,2017-11-14 20:46:56.797,1,2017-11-17 18:41:08.847
312,1011021090030,1373316167910,1606,1,2,9,2,0,0,0,1,1,0,1,3,2017-11-14 20:47:30.240,1,2017-11-17 18:41:49.800
313,1011021090031,5980572376039,39,1,2,9,2,0,0,0,1,1,0,1,3,2017-11-14 20:49:28.647,1,2017-11-17 18:42:36.010
314,1011021090032,9925969211681,1516,1,2,9,2,0,0,0,1,1,0,1,3,2017-11-14 20:50:05.413,1,2017-11-17 18:43:10.580
315,1011021090033,3659434100519,8819,1,2,9,2,0,0,0,1,1,0,1,3,2017-11-14 20:50:40.900,1,2017-11-17 18:43:42.690
316,1011021090034,5120339220834,906,1,2,9,2,0,0,0,1,1,0,1,3,2017-11-14 20:51:10.780,1,2017-11-17 18:44:37.790
317,1011021090035,1002045911029,1704,1,2,9,2,0,0,0,1,1,0,1,3,2017-11-14 20:51:41.470,1,2017-11-17 18:45:13.930
318,1011021090036,7474597455261,5712,1,2,9,2,0,0,0,1,1,0,1,3,2017-11-14 20:52:14.230,1,2017-11-17 18:45:52.480
319,1011021090037,9038158797221,28,1,2,9,2,0,0,0,1,1,0,1,3,2017-11-14 20:52:51.797,1,2017-11-17 18:46:29.540
320,1011021090038,1154301009664,1859,1,2,9,2,0,0,0,1,1,0,1,3,2017-11-14 20:53:19.703,1,2017-11-17 18:47:05.110
321,1011021090039,8591249271334,5856,1,2,9,2,0,0,0,1,1,0,1,3,2017-11-14 20:53:56.143,1,2017-11-17 18:47:45.803
322,1011021090040,7418501765909,5522,1,2,9,2,0,0,0,1,1,0,1,3,2017-11-14 20:54:26.237,1,2017-11-17 18:48:18.530
323,1011021090041,7766449071676,1179,1,2,9,2,0,0,0,1,1,0,1,3,2017-11-14 20:54:59.423,1,2017-11-17 18:48:55.710
324,1011021090042,6187845155721,58590,1,2,9,2,0,0,0,1,1,0,1,3,2017-11-14 20:55:36.220,1,2017-11-17 18:49:29.093
325,1011021090043,5944573125812,1184,1,2,9,2,0,0,0,1,1,0,1,3,2017-11-14 20:56:10.480,1,2017-11-17 18:50:09.280
326,1011211020006,8296227281052,1088,1,21,2,2,0,0,0,1,1,0,1,1,2017-11-20 23:44:17.103,NULL,NULL
327,1031191310001,2255367943493,6828,3,19,31,2,0,0,0,1,1,0,1,1,2017-11-21 19:23:20.357,NULL,NULL
328,1031191220001,7175737247097,8517,3,19,22,2,0,0,0,1,1,0,1,1,2017-11-21 19:34:22.960,1,2017-11-21 19:34:59.330
329,1031191220002,5098491524117,8615,3,19,22,2,0,0,0,1,1,0,1,1,2017-11-21 19:38:17.763,1,2017-11-21 19:38:19.973
330,1031191220003,9512501092534,8541,3,19,22,2,0,0,0,1,1,0,1,1,2017-11-21 19:42:42.313,1,2017-11-21 19:42:47.093
331,1031191220004,7846296055194,8776,3,19,22,2,0,0,0,1,1,0,1,1,2017-11-21 19:45:05.390,1,2017-11-21 19:45:07.150
332,1031191220005,9256464856429,8553,3,19,22,2,0,0,0,1,1,0,1,1,2017-11-21 19:46:46.573,1,2017-11-21 19:46:48.523
333,1031191220006,1005752601474,8906,3,19,22,2,0,0,0,1,1,0,1,1,2017-11-21 19:49:46.843,1,2017-11-21 19:49:53.197
334,1011021130002,6786212630832,1743,1,2,13,2,0,0,0,1,1,0,1,1,2017-11-21 19:57:19.357,1,2017-11-21 19:57:21.537
335,1011021020016,6603823026130,3880,1,2,2,2,0,0,0,1,1,0,1,1,2017-11-21 20:36:59.050,1,2017-11-21 20:37:03.140
336,1011021020017,4106076796130,4044,1,2,2,2,0,0,0,1,1,0,1,1,2017-11-21 20:43:40.860,1,2017-11-21 20:43:50.293
337,1031191330001,2908735318767,16820,3,19,33,2,0,0,0,1,1,0,1,1,2017-11-21 20:47:43.260,1,2017-11-21 20:47:46.593
338,1011221020001,7608105055296,3778,1,22,2,2,0,0,0,1,1,0,1,1,2017-11-21 20:56:44.257,1,2017-11-21 20:56:48.693
339,1011021020018,4187487489484,1715,1,2,2,2,0,0,0,1,1,0,1,1,2017-11-21 21:01:22.847,1,2017-11-21 21:01:26.703
340,1031191020006,8030922877314,0015,3,19,2,2,0,0,0,1,1,0,1,1,2017-11-21 21:13:40.690,1,2017-11-21 21:13:49.377
341,1011221020002,3066865850911,1089,1,22,2,2,0,0,0,1,1,0,1,1,2017-11-21 21:30:21.417,1,2017-11-21 21:30:25.600
342,1011021020019,9885187588449,1864,1,2,2,2,0,0,0,1,1,0,1,1,2017-11-21 21:48:25.050,1,2017-11-21 21:48:32.263
343,1031191030005,8640969496166,1818,3,19,3,2,0,0,0,1,1,0,1,1,2017-11-22 18:37:18.927,1,2017-11-22 18:37:22.183
344,1031191030006,1064532842629,1917,3,19,3,2,0,0,0,1,1,0,1,1,2017-11-22 18:41:02.840,1,2017-11-22 18:41:04.773
345,1031191030007,9020596170131,8806,3,19,3,2,0,0,0,1,1,0,1,1,2017-11-22 18:42:50.257,1,2017-11-22 18:42:52.343
346,1031191030008,7945836648152,1023,3,19,3,2,0,0,0,1,1,0,1,1,2017-11-22 18:44:31.783,NULL,NULL
347,1031191030009,5037383611504,1899,3,19,3,2,0,0,0,1,1,0,1,1,2017-11-22 18:46:42.860,1,2017-11-22 18:46:44.673
348,1031191370001,3102813397340,2028,3,19,37,2,0,0,0,1,1,0,1,1,2017-11-22 18:48:58.590,1,2017-11-22 18:49:05.117
349,1011021040003,2021608425659,1095,1,2,4,2,0,0,0,1,1,0,1,1,2017-11-22 18:52:42.710,NULL,NULL
350,1031191140009,3842297719626,2035,3,19,14,2,0,0,0,1,1,0,1,1,2017-11-22 18:55:16.290,1,2017-11-22 18:55:23.210
351,1031191020007,4404521264440,4254,3,19,2,2,0,0,0,1,1,0,1,1,2017-11-22 18:58:55.943,NULL,NULL
352,1011021140006,6080497449609,5111,1,2,14,2,0,0,0,1,1,0,1,1,2017-11-22 19:13:04.460,NULL,NULL
353,1011021050003,2570767857219,MIZAR15,1,2,5,2,0,0,0,1,1,0,1,1,2017-11-22 19:20:23.430,1,2017-11-22 19:42:03.193
354,1031191120001,6807112010484,SPR56M,3,19,12,2,0,0,0,1,1,0,1,1,2017-11-22 19:23:52.720,NULL,NULL
355,1011021050004,7137686788441,MIZAR6,1,2,5,2,0,0,0,1,1,0,1,1,2017-11-22 19:43:19.320,NULL,NULL
356,1011021050005,1989643019626,MIZAR11,1,2,5,2,0,0,0,1,1,0,1,1,2017-11-22 19:45:21.100,NULL,NULL
357,1011211330004,9438826511232,868,1,21,33,2,0,0,0,1,1,0,1,1,2017-11-22 19:49:24.440,1,2017-11-22 19:49:29.560
358,1031191030010,9247289437566,L8026,3,19,3,2,0,0,0,1,1,0,1,1,2017-11-22 23:51:50.297,NULL,NULL
359,1031191030011,6651345970097,L88801,3,19,3,2,0,0,0,1,1,0,1,1,2017-11-22 23:54:13.637,NULL,NULL
360,1031191060003,8187456901654,48048,3,19,6,2,0,0,0,1,1,0,1,1,2017-11-23 18:27:18.063,NULL,NULL
361,1031191060004,7124069371901,HX16873,3,19,6,2,0,0,0,1,1,0,1,1,2017-11-23 18:37:24.913,NULL,NULL
362,1011021050006,6046432115053,MIZAR1,1,2,5,2,0,0,0,1,1,0,1,1,2017-11-23 18:46:28.280,NULL,NULL
363,1031191030013,7142197801602,HX16879,3,19,3,2,0,0,0,1,1,0,1,1,2017-11-23 19:07:11.647,NULL,NULL
364,1011021120003,8515901238831,8321,1,2,12,2,0,0,0,1,1,0,1,1,2017-11-23 20:19:05.260,NULL,NULL
365,1031191120005,5252273968029,5506,3,19,12,2,0,1,0,1,1,0,1,1,2017-11-23 20:22:09.797,1,2017-11-25 21:11:40.853
366,1011021090048,7382425440856,GP17807,1,2,9,2,0,0,0,1,1,0,1,1,2017-11-23 20:28:17.150,NULL,NULL
367,1011211330006,8296071680056,626,1,21,33,2,0,0,0,1,1,0,1,1,2017-11-23 20:34:21.463,1,2017-11-23 20:35:54.490
368,1031191030015,1031881543026,HX16865,3,19,3,2,0,0,0,1,1,0,1,1,2017-11-23 20:39:26.390,NULL,NULL
369,1011021090049,7230233101233,HX16863,1,2,9,2,0,0,0,1,1,0,1,1,2017-11-23 20:45:21.960,NULL,NULL
370,1031191030020,5768777079999,L199 BL,3,19,3,2,0,5,0,1,1,0,1,1,2017-11-23 21:07:16.657,1,2017-11-23 21:16:23.540
371,1031191030021,6994783161734,L199 BR,3,19,3,2,0,3,0,1,1,0,1,1,2017-11-23 21:08:07.880,1,2017-11-23 21:16:38.230
372,1011021030005,2086389065548,L171,1,2,3,2,0,0,0,1,1,0,1,1,2017-11-23 21:19:27.380,NULL,NULL
373,1031191030022,3095036314150,LA726 BL,3,19,3,2,0,1,0,1,1,0,1,1,2017-11-23 21:24:41.280,NULL,NULL
374,1031191030023,9516541873801,LA726 BR,3,19,3,2,0,3,0,1,1,0,1,1,2017-11-23 21:25:36.290,NULL,NULL
375,1011021030006,8570602064202,161,1,2,3,2,0,0,0,1,1,0,1,1,2017-11-23 21:27:46.110,NULL,NULL
376,1011021030010,1753116312923,16842,1,2,3,2,0,2,0,1,1,0,1,1,2017-11-23 21:46:52.543,1,2017-11-23 21:56:22.470
377,1011021030008,6971981049002,950 BLD,1,2,3,2,0,2,0,1,1,0,1,1,2017-11-23 21:50:31.677,NULL,NULL
378,1011021030009,2597517130422,950 BRD,1,2,3,2,0,4,0,1,1,0,1,1,2017-11-23 21:51:14.893,NULL,NULL
379,1011021030011,1051556823833,8335 BR,1,2,3,2,0,3,0,1,1,0,1,1,2017-11-23 22:00:53.523,NULL,NULL
380,1011021030012,2017494832329,8335 BLU,1,2,3,2,0,5,0,1,1,0,1,1,2017-11-23 22:02:19.570,NULL,NULL
381,1031191010013,9770831156580,8020 BR,3,19,1,2,0,3,0,1,1,0,1,1,2017-11-23 22:08:09.280,1,2017-11-23 22:08:31.363
382,1011021030013,2327101596132,708,1,2,3,2,0,0,0,1,1,0,1,1,2017-11-23 22:12:21.580,NULL,NULL
383,1031191030024,8122065799155,725,3,19,3,2,0,3,0,1,1,0,1,1,2017-11-23 22:22:06.250,NULL,NULL
384,1031191380001,6103317525304,8935,3,19,38,2,0,1,0,1,1,0,1,1,2017-11-23 22:34:23.900,NULL,NULL
385,1011021010017,1009983474081,48064,1,2,1,2,0,3,0,1,1,0,1,1,2017-11-23 22:38:45.143,NULL,NULL
386,1011211060013,2312034312195,Z0703,1,21,6,2,0,0,0,1,1,0,1,1,2017-11-25 22:39:36.457,NULL,NULL
387,1011211060014,5280646849262,Z0704,1,21,6,2,0,2,0,1,1,0,1,1,2017-11-25 22:43:33.897,1,2017-11-26 21:29:53.723
388,1011211030009,2180015701920,706,1,21,3,2,0,0,0,1,1,0,1,1,2017-11-25 23:11:28.627,NULL,NULL
389,1011021070003,4125028258007,708,1,2,7,2,0,1,0,1,1,0,1,1,2017-11-26 19:02:19.213,NULL,NULL
390,1011021030014,7897181965425,HX16814,1,2,3,2,0,1,0,1,1,0,1,1,2017-11-26 19:15:23.523,NULL,NULL
391,1031191140010,4316107462846,9885/S,3,19,14,2,0,1,0,1,1,0,1,1,2017-11-26 19:23:16.590,NULL,NULL
392,1031191020008,7968084743189,8932,3,19,2,2,0,1,0,1,1,0,1,1,2017-11-26 19:32:17.270,NULL,NULL
393,1011021090050,4366702112745,1512 BRD,1,2,9,2,0,4,0,1,1,0,1,1,2017-11-26 19:45:23.187,NULL,NULL
394,1031191030026,7495683764197,143/S,3,19,3,2,0,1,0,1,1,0,1,1,2017-11-26 19:52:18.417,NULL,NULL
395,1011211030010,6308504041166,LA735 BRD,1,21,3,2,0,4,0,1,1,0,1,1,2017-11-26 19:57:53.150,NULL,NULL
396,1011211030011,1060154514302,LA735 BLD,1,21,3,2,0,2,0,1,1,0,1,1,2017-11-26 19:59:04.530,NULL,NULL
397,1031231040001,5447466995689,3912,3,23,4,2,0,1,0,1,1,0,1,1,2017-11-26 20:09:37.863,NULL,NULL
398,1031191060005,2164888446300,HX16872 BL,3,19,6,2,0,1,0,1,1,0,1,1,2017-11-26 20:26:08.580,NULL,NULL
399,1031191060006,7432899063577,HX16872 BR,3,19,6,2,0,3,0,1,1,0,1,1,2017-11-26 20:26:54.783,NULL,NULL
400,1031191060007,3256704410721,Z0987 BL,3,19,6,2,0,1,0,1,1,0,1,1,2017-11-26 20:30:45.510,NULL,NULL
401,1031191060008,2650634330905,Z0987 BR,3,19,6,2,0,3,0,1,1,0,1,1,2017-11-26 20:31:43.667,NULL,NULL
402,1011021040004,7582177033072,22469,1,2,4,2,0,0,0,1,1,0,1,1,2017-11-26 20:38:53.713,NULL,NULL
403,1011021040005,4090733292762,11078,1,2,4,2,0,4,0,1,1,0,1,1,2017-11-26 20:40:28.257,NULL,NULL
404,1011021390001,2373885794998,108,1,2,39,2,0,1,0,1,1,0,1,1,2017-11-26 20:59:12.010,NULL,NULL
405,1031191020009,7161379897974,1627/S,3,19,2,2,0,2,0,1,1,0,1,1,2017-11-26 21:01:50.650,NULL,NULL
406,1031231280001,2362925865453,0072,3,23,28,2,0,1,0,1,1,0,1,1,2017-11-26 21:04:40.743,NULL,NULL
407,1031231300002,3505043940247,OA4011,3,23,30,2,0,1,0,1,1,0,1,1,2017-11-26 21:07:26.540,NULL,NULL
408,1031191120006,2232147562815,P52,3,19,12,2,0,1,0,1,1,0,1,1,2017-11-26 21:13:21.007,NULL,NULL
409,1011021090051,8732182899159,1267,1,2,9,2,0,1,0,1,1,0,1,1,2017-11-26 21:15:42.477,NULL,NULL
410,1031191060009,7045322485350,48061,3,19,6,2,0,1,0,1,1,0,1,1,2017-11-26 21:18:18.350,NULL,NULL
411,1011021020020,8233159432275,1013S,1,2,2,2,0,1,0,1,1,0,1,1,2017-11-26 21:33:11.357,NULL,NULL
412,1011211400001,7856634520949,7148,1,21,40,2,0,1,0,1,1,0,1,1,2017-11-26 21:37:20.927,NULL,NULL
413,1011021410004,9764123338709,969 BL,1,2,41,2,0,1,0,1,1,0,1,1,2017-11-26 21:48:35.387,1,2017-11-26 22:02:56.037
415,1011021410006,1039635785197,969 GR,1,2,41,2,0,7,0,1,1,0,1,1,2017-11-26 22:01:48.527,1,2017-11-26 22:03:16.577
416,1011021410007,2628966886636,969 BLD,1,2,41,2,0,2,0,1,1,0,1,1,2017-11-26 22:08:58.733,NULL,NULL
417,1011021020021,1021875898638,1716,1,2,2,2,0,1,0,1,1,0,1,1,2017-11-28 00:06:16.177,NULL,NULL
418,1011021100008,5804929151622,1513,1,2,10,2,0,8,0,1,1,0,1,1,2017-11-28 00:07:56.340,NULL,NULL
419,1011021100009,1134712636277,522,1,2,10,2,0,0,0,1,1,0,1,1,2017-11-28 00:12:27.247,NULL,NULL
420,1011221060001,8176019948328,710U,1,22,6,2,0,4,0,1,1,0,1,1,2017-11-28 00:14:42.980,NULL,NULL
421,1011021220001,8195612154677,4226,1,2,22,2,0,1,0,1,1,0,1,1,2017-11-28 00:21:35.863,NULL,NULL
422,1011221030001,1741364574521,788,1,22,3,2,0,8,0,1,1,0,1,1,2017-11-28 00:27:24.160,NULL,NULL
423,1031191140011,7177742728714,9863/S,3,19,14,2,0,1,0,1,1,0,1,1,2017-11-28 00:32:02.073,NULL,NULL
424,1011061010001,5893304898733,6307,1,6,1,2,0,1,0,1,1,0,1,1,2017-11-28 00:34:22.317,NULL,NULL
425,1031241010002,8462246259581,9036 P,3,24,1,2,0,1,0,1,1,0,1,1,2017-11-28 00:41:07.977,1,2017-11-28 00:43:19.570
426,1031241010003,6181645393697,9036 Y,3,24,1,2,0,1,0,1,1,0,1,1,2017-11-28 00:41:56.713,NULL,NULL
427,1031241010004,6111895661949,9035 W,3,24,1,2,0,1,0,1,1,0,1,1,2017-11-28 00:42:55.907,NULL,NULL
428,1031231040003,5296596386856,6007,3,23,4,2,0,1,0,1,1,0,1,1,2017-11-28 00:46:20.800,NULL,NULL
429,1031241010005,1110734043491,8109 S,3,24,1,2,0,1,0,1,1,0,1,1,2017-11-28 00:55:13.733,NULL,NULL
430,1011221170001,6247028360783,6325,1,22,17,2,0,4,0,1,1,0,1,1,2017-11-28 00:57:53.767,NULL,NULL
431,1011021160026,7001679576226,1835,1,2,16,2,0,1,0,1,1,0,1,1,2017-11-28 18:54:46.477,NULL,NULL
432,1011021160027,5453133855446,1853,1,2,16,2,0,0,0,1,1,0,1,1,2017-11-28 18:57:44.960,NULL,NULL
433,1011221060002,1120508362017,0607,1,22,6,2,0,1,0,1,1,0,1,1,2017-12-06 19:46:54.930,NULL,NULL
434,1011021090052,4467186549369,960,1,2,9,2,0,3,0,1,1,0,1,1,2017-12-06 20:30:23.520,NULL,NULL
435,1011021090053,1603946562732,1035,1,2,9,2,0,1,0,1,1,0,1,1,2017-12-06 20:46:14.133,NULL,NULL
436,1031191090008,2054267903305,11059,3,19,9,2,0,5,0,1,1,0,1,1,2017-12-06 20:50:27.730,NULL,NULL
437,1011221140001,7272202285223,EA2018 BLD,1,22,14,2,0,2,0,1,1,0,1,1,2017-12-06 21:27:02.380,NULL,NULL
